<?xml version="1.0" encoding="UTF-8"?>
<beans xmlns="http://www.springframework.org/schema/beans"
	xmlns:xsi="http://www.w3.org/2001/XMLSchema-instance"
	xmlns:context="http://www.springframework.org/schema/context"
	xmlns:aop="http://www.springframework.org/schema/aop"
	xsi:schemaLocation="http://www.springframework.org/schema/beans http://www.springframework.org/schema/beans/spring-beans-4.3.xsd
		http://www.springframework.org/schema/context http://www.springframework.org/schema/context/spring-context-4.3.xsd
		http://www.springframework.org/schema/aop http://www.springframework.org/schema/aop/spring-aop-4.3.xsd">
	<context:property-placeholder
		location="classpath:jdbc.properties" />
	<!-- Apache DataSource -->
	<bean id="dataSource"
		class="org.apache.commons.dbcp2.BasicDataSource">
		<property name="driverClassName"
			value="${jdbc.driverClassName}" />
		<property name="url" value="${jdbc.url}" />
		<property name="username" value="${jdbc.username}" />
		<property name="password" value="${jdbc.password}" />
	</bean>
	<!-- target object[core concern] -->
	
	<bean id="userDao" class="com.itwill.user.UserDaoImpl"/>
	<bean id="userService" class="com.itwill.user.UserServiceImpl">
		<property name="userDao" ref="userDao"/>
	</bean>
	<!-- advice object[crosscutting concern] + weaving -->
	<context:component-scan 
		base-package="com.itwill3.aop.spring.annotation"/>
	<!-- AOP annotation을사용할때 설정(자동프록시 생성) -->
	<aop:aspectj-autoproxy/>
	
	
</beans>











