<?xml version="1.0" encoding="UTF-8"?>
<beans xmlns="http://www.springframework.org/schema/beans"
	xmlns:xsi="http://www.w3.org/2001/XMLSchema-instance"
	xmlns:context="http://www.springframework.org/schema/context"
	xmlns:aop="http://www.springframework.org/schema/aop"
	xmlns:jdbc="http://www.springframework.org/schema/jdbc"
	xmlns:jee="http://www.springframework.org/schema/jee"
	xmlns:jms="http://www.springframework.org/schema/jms"
	xmlns:lang="http://www.springframework.org/schema/lang"
	xmlns:mvc="http://www.springframework.org/schema/mvc"
	xmlns:oxm="http://www.springframework.org/schema/oxm"
	xmlns:p="http://www.springframework.org/schema/p"
	xmlns:task="http://www.springframework.org/schema/task"
	xmlns:tx="http://www.springframework.org/schema/tx"
	xmlns:util="http://www.springframework.org/schema/util"
	xsi:schemaLocation="http://www.springframework.org/schema/lang http://www.springframework.org/schema/lang/spring-lang-3.0.xsd
		http://www.springframework.org/schema/jee http://www.springframework.org/schema/jee/spring-jee-3.0.xsd
		http://www.springframework.org/schema/jdbc http://www.springframework.org/schema/jdbc/spring-jdbc-3.0.xsd
		http://www.springframework.org/schema/aop http://www.springframework.org/schema/aop/spring-aop-3.0.xsd
		http://www.springframework.org/schema/jms http://www.springframework.org/schema/jms/spring-jms-3.0.xsd
		http://www.springframework.org/schema/oxm http://www.springframework.org/schema/oxm/spring-oxm-3.0.xsd
		http://www.springframework.org/schema/mvc http://www.springframework.org/schema/mvc/spring-mvc-3.0.xsd
		http://www.springframework.org/schema/task http://www.springframework.org/schema/task/spring-task-3.0.xsd
		http://www.springframework.org/schema/beans http://www.springframework.org/schema/beans/spring-beans-2.5.xsd
		http://www.springframework.org/schema/util http://www.springframework.org/schema/util/spring-util-3.0.xsd
		http://www.springframework.org/schema/tx http://www.springframework.org/schema/tx/spring-tx-3.0.xsd
		http://www.springframework.org/schema/context http://www.springframework.org/schema/context/spring-context-2.5.xsd">
		<!-- property file 사용설정 -->
		<context:property-placeholder location="classpath:jdbc.properties"/>
		<!-- 
		빈을 등록하면 ApplicationContext초기화시에
		기본생성자를 호출하여 빈객체를 생성하고 id로 등록한다.
		 -->
		<!-- DataSource -->
		<bean	id="dataSource" 
				class="org.apache.commons.dbcp2.BasicDataSource" 
				scope="singleton">
				<property name="driverClassName" value="${jdbc.driverClassName}"/>
				<property name="url" value="${jdbc.url}"/>
				<property name="username" value="${jdbc.username}"/>
				<property name="password" value="${jdbc.password}"/>
				<!-- 
				<property name="driverClassName" value="oracle.jdbc.OracleDriver"/>
				<property name="url" value="jdbc:oracle:thin:@182.237.126.19:1521:XE"/>
				<property name="username" value="jdeveloper30"/>
				<property name="password" value="jdeveloper30"/>
				 -->
		</bean>		
		<!-- Dao -->
		<!-- Setter Injection(setter 메쏘드를 통한 의존성객체주입) -->
		<!-- 1.참조타입객체 참조값(id)을 setter메쏘드 인자로 Injection -->
		<bean id="guestDao"  class="com.itwill.guest.GuestDaoImpl">
			<property name="dataSource" ref="dataSource"/>
		</bean>
		
		<bean id="userDao"  class="com.itwill.user.UserDaoImpl">
			<property name="dataSource" ref="dataSource"/>
		</bean>
		<!-- Service -->
		<bean id="guestService" class="com.itwill.guest.GuestServiceImpl">
			<property name="guestDao" ref="guestDao"/>
		</bean>  	  
		<bean id="userService" class="com.itwill.user.UserServiceImpl">
			<property name="userDao" ref="userDao"/>
		</bean>  	  
		 <!-- 2.기본타입데이타(값) 을 setter메쏘드 인자로 Injection -->
		<bean id="guest" class="com.itwill.guest.Guest">
			<property name="guest_no" value="1"/>
			<property name="guest_name" value="김수미"/>
			<property name="guest_date" value="2022/08/25"/>
			<property name="guest_email" value="guard@naver.com"/>
			<property name="guest_homepage" value="http://www.naver.com"/>
			<property name="guest_title" value="방명록 타이틀"/>
			<property name="guest_content" value="방명록 내용"/>
		</bean>
		  	    
</beans>














