<?xml version="1.0" encoding="UTF-8"?>
<beans xmlns="http://www.springframework.org/schema/beans"
	xmlns:xsi="http://www.w3.org/2001/XMLSchema-instance"
	xmlns:context="http://www.springframework.org/schema/context"
	xmlns:mvc="http://www.springframework.org/schema/mvc"
	xsi:schemaLocation="http://www.springframework.org/schema/mvc http://www.springframework.org/schema/mvc/spring-mvc-4.3.xsd
		http://www.springframework.org/schema/beans http://www.springframework.org/schema/beans/spring-beans-4.3.xsd
		http://www.springframework.org/schema/context http://www.springframework.org/schema/context/spring-context-4.3.xsd">
	<mvc:annotation-driven/>
	<mvc:default-servlet-handler/>
	<!-- 
		web.xml
			- <url-pattern>/</url-pattern>
		
		mvc-config.xml
			- <mvc:default-servlet-handler/>
			- 확장자패턴을 사용하지않고 모든요청을 처리할려면 반드시 추가
			- 정적리소스 요청처리(htm,jsp,image(gif,png,jpeg),css)를위해 필요함 
	-->
	<!-- 
	<context:annotation-config/>
	 -->
	<context:component-scan base-package="com.itwill.ajax.controller"/>
	
	<bean class="org.springframework.web.servlet.view.InternalResourceViewResolver">
		<property name="prefix" value="/WEB-INF/views/"/>
		<property name="suffix" value=".jsp"/>
	</bean>
	
</beans>
